SET IDENTITY_INSERT [dbo].[APP] ON 

INSERT [dbo].[APP] ([MaApp], [TenApp], [GioiThieu], [LinkTai], [MaTheLoaiApp], [MaNPH], [HinhNen], [HinhCT1], [HinhCT2], [HinhCT3], [HinhCT4], [DanhGia], [NgayCapNhat], [DungLuong], [MaHDH], [MaNgonNgu]) 
VALUES (27, N'FACEBOOK', N'Facebook là một phương tiện truyền thông xã hội và dịch vụ mạng xã hội trực tuyến thành lập vào năm 2004 của Mỹ thuộc sở hữu của Meta Platforms có trụ sở tại Menlo Park, California. Nó được Mark Zuckerberg, cùng với các sinh viên Đại học Harvard và bạn cùng phòng là Eduardo Saverin, Andrew McCollum, Dustin Moskovitz, Chris Hughes sáng lập. Facebook là một mạng xã hội giúp cho chúng ta có thể kết nối với nhau qua một tài khoản ảo.  Trên Facebook chúng ta có thể đăng trạng thái, hình ảnh, video và chia sẻ tất cả những gì mà bạn muốn.  Không những vậy, chúng ta còn có thể kết bạn với những người dùng khác từ khắp nơi trên thế giới và tương tác với những họ qua các tương tác (reation) và bình luận (comment).  Với những người dùng Facebook chuyên nghiệp thì họ tận dụng Facebook để bán hàng, quảng cáo sản phẩm rất hiệu quả ', N'https://download.com.vn/facebook-cho-windows-10-98824', 14, 3, N'BGAPP6.jpg', N'APP6.1.jpg', N'APP6.2.jpg', N'APP6.3.jpg', N'APP6.4.jpg', N'4.5', CAST(N'2022-10-22' AS Date), N'214', 1, 1)


INSERT [dbo].[APP] ([MaApp], [TenApp], [GioiThieu], [LinkTai], [MaTheLoaiApp], [MaNPH], [HinhNen], [HinhCT1], [HinhCT2], [HinhCT3], [HinhCT4], [DanhGia], [NgayCapNhat], [DungLuong], [MaHDH], [MaNgonNgu]) VALUES (1, N'ADOBE AUDITION CS5', N'Adobe Audition CS5.5 mang các tính năng tốt nhất từ các sản phẩm âm thanh của Adobe vào một gói đa nền tảng duy nhất. Nó tập trung vào hiệu suất cao trong quy trình hậu sản xuất. Một số tính năng trong phiên bản Windows của Adobe Audition 3.0 không khả dụng trong CS5.5. Nhóm phát hành đang tích cực thu thập phản hồi về những tính năng nào là ưu tiên hàng đầu của khách hàng thông qua một cuộc khảo sát công khai. Adobe cũng khuyến khích bạn gửi các yêu cầu tính năng bổ sung mà nhóm thường xuyên xem xét khi lập kế hoạch cho các phiên bản trong tương lai.', N'https://drive.google.com/uc?id=1NDElm5ikrTDcho-uAnBvUJHJuQV9r267&export=download', 10, 4, N'BGAPP3.jpg', N'APP3.1.jpg', N'APP3.2.jpg', N'APP3.3.jpg', N'APP3.4.jpg', N'4.3', CAST(N'2022-10-21' AS Date), N'512', 1, 2)
INSERT [dbo].[APP] ([MaApp], [TenApp], [GioiThieu], [LinkTai], [MaTheLoaiApp], [MaNPH], [HinhNen], [HinhCT1], [HinhCT2], [HinhCT3], [HinhCT4], [DanhGia], [NgayCapNhat], [DungLuong], [MaHDH], [MaNgonNgu]) VALUES (2, N'HAPPY COW', N'HappyCow là một dịch vụ trực tuyến liệt kê các nguồn thực phẩm thuần chay , ăn chay và tốt cho sức khỏe.', N'https://play.google.com/store/apps/details?id=com.hcceg.veg.compassionfree&referrer=utm_source%3Dhappycow%26utm_campaign%3Dmobile_page', 16, 9, N'BGAPP8.jpg', N'APP8.1.jpg', N'APP8.2.jpg', N'APP8.3.jpg', N'APP8.4.jpg', N'4', CAST(N'2022-10-19' AS Date), N'100', 1, 2)
INSERT [dbo].[APP] ([MaApp], [TenApp], [GioiThieu], [LinkTai], [MaTheLoaiApp], [MaNPH], [HinhNen], [HinhCT1], [HinhCT2], [HinhCT3], [HinhCT4], [DanhGia], [NgayCapNhat], [DungLuong], [MaHDH], [MaNgonNgu]) VALUES (3, N'INSTAGRAM', N'Đưa bạn đến gần hơn với những người và những điều bạn yêu thích Kết nối với bạn bè, chia sẻ những gì bạn đang làm hoặc xem những gì mới từ những người khác trên khắp thế giới. Khám phá cộng đồng của chúng tôi, nơi bạn có thể thoải mái là chính mình và chia sẻ mọi thứ, từ những khoảnh khắc hàng ngày đến những điểm nổi bật trong cuộc sống..', N'https://play.google.com/store/apps/details?id=com.instagram.android&hl=vi&gl=US', 14, 10, N'BGAPP9.jpg', N'APP9.1.jpg', N'APP9.2.jpg', N'APP9.3.jpg', N'APP9.4.jpg', N'4.5', CAST(N'2022-10-18' AS Date), N'200', 1, 1)
INSERT [dbo].[APP] ([MaApp], [TenApp], [GioiThieu], [LinkTai], [MaTheLoaiApp], [MaNPH], [HinhNen], [HinhCT1], [HinhCT2], [HinhCT3], [HinhCT4], [DanhGia], [NgayCapNhat], [DungLuong], [MaHDH], [MaNgonNgu]) VALUES (4, N'MESSENGER', N'Một dịch vụ và ứng dụng phần mềm tin nhắn tức thời chia sẻ giao tiếp bằng ký tự và giọng nói . Được tích hợp trên ứng dụng chat của Facebook và được xây dựng trên giao thức MQTT.', N'Mạng xã hội', 14, 10, N'BGAPP10.jpg', N'APP10.1.jpg', N'APP10.2.jpg', N'APP10.3.jpg', N'APP10.4.jpg', N'4.5', CAST(N'2022-10-10' AS Date), N'200', 1, 1)
INSERT [dbo].[APP] ([MaApp], [TenApp], [GioiThieu], [LinkTai], [MaTheLoaiApp], [MaNPH], [HinhNen], [HinhCT1], [HinhCT2], [HinhCT3], [HinhCT4], [DanhGia], [NgayCapNhat], [DungLuong], [MaHDH], [MaNgonNgu]) VALUES (5, N'TIKOK', N'TikTok là một trong những ứng dụng mạng xã hội video phổ biến nhất hiện nay. Ứng dụng hỗ trợ sáng tạo và chia sẻ clip ngắn bằng âm nhạc cực chất, thu hút hàng ngàn người xem và theo dõi. Được phát hành miễn phí trên nhiều nền tảng khác nhau.', N'https://play.google.com/store/apps/details?id=com.ss.android.ugc.trill&hl=vi&gl=US', 14, 11, N'BGAPP11.jpg', N'APP11.1.jpg', N'APP11.2.jpg', N'APP11.3.jpg', N'APP11.4.jpg', N'4.5', CAST(N'2022-10-11' AS Date), N'84', 1, 1)
INSERT [dbo].[APP] ([MaApp], [TenApp], [GioiThieu], [LinkTai], [MaTheLoaiApp], [MaNPH], [HinhNen], [HinhCT1], [HinhCT2], [HinhCT3], [HinhCT4], [DanhGia], [NgayCapNhat], [DungLuong], [MaHDH], [MaNgonNgu]) VALUES (6, N'SHOPEE', N'Shopee là ứng dụng mua bán online giá rẻ với nhiều mặt hàng đa dạng, là sàn giao dịch thương mại điện tử có trụ sở đặt tại Singapore. Ứng dụng được phát hành miễn phí và tương thích với nhiều nền tảng và thiết bị.', N'https://play.google.com/store/apps/details?id=com.shopee.vn&hl=vi&gl=US', 18, 12, N'BGAPP12.jpg', N'APP12.1.jpg', N'APP12.2.jpg', N'APP12.3.jpg', N'APP12.4.jpg', N'4.4', CAST(N'2022-10-13' AS Date), N'68', 1, 1)
INSERT [dbo].[APP] ([MaApp], [TenApp], [GioiThieu], [LinkTai], [MaTheLoaiApp], [MaNPH], [HinhNen], [HinhCT1], [HinhCT2], [HinhCT3], [HinhCT4], [DanhGia], [NgayCapNhat], [DungLuong], [MaHDH], [MaNgonNgu]) VALUES (7, N'YOUTUBE', N'Youtube là một nền tảng chia sẻ video trực tuyến, là ứng dụng mạng xã hội video số một trên thế giới với số lượng video cực khủng và nhiều chủ đề khác nhau. Đây là ứng dụng hoàn toàn miễn phí được phát triển trên nhiều nền tảng và thiết bị khác nhau.', N'https://play.google.com/store/apps/details?id=com.google.android.youtube&hl=vi&gl=US', 14, 13, N'BGAPP13.jpg', N'APP13.1.jpg', N'APP13.2.jpg', N'APP13.3.jpg', N'APP13.4.jpg', N'4.7', CAST(N'2022-10-14' AS Date), N'85', 1, 1)
INSERT [dbo].[APP] ([MaApp], [TenApp], [GioiThieu], [LinkTai], [MaTheLoaiApp], [MaNPH], [HinhNen], [HinhCT1], [HinhCT2], [HinhCT3], [HinhCT4], [DanhGia], [NgayCapNhat], [DungLuong], [MaHDH], [MaNgonNgu]) VALUES (8, N'MICROSOFT WORD', N'Microsoft word là một chương trình soạn thảo văn bản, là ứng dụng tạo và chỉnh sửa tài liệu của hãng Microsoft, có thể giúp bạn soạn thảo theo bố cục đa dạng và chia sẻ dễ dàng. Ứng dụng được phát triển trên nhiều nền tảng, tương thích với hầu hết thiết bị.', N'https://microsoft-word.softonic.vn/', 20, 3, N'BGAPP14.jpg', N'APP14.1.jpg', N'APP14.2.jpg', N'APP14.3.jpg', N'APP14.4.jpg', N'4.7', CAST(N'2022-10-12' AS Date), N'85', 1, 1)
INSERT [dbo].[APP] ([MaApp], [TenApp], [GioiThieu], [LinkTai], [MaTheLoaiApp], [MaNPH], [HinhNen], [HinhCT1], [HinhCT2], [HinhCT3], [HinhCT4], [DanhGia], [NgayCapNhat], [DungLuong], [MaHDH], [MaNgonNgu]) VALUES (9, N'MICROSOFT EXCEL', N'Microsoft Excel là ứng dụng xử lý tác vụ văn phòng giúp tạo và chỉnh sửa trang tính excel phổ biến, chuyên nghiệp nhất hiện tại. Ứng dụng hỗ trợ chức năng thao tác bảng tính cơ bản và các biểu đồ dữ liệu, cùng bộ công cụ hỗ trợ làm công việc xử lý trở nên dễ dàng, tiện lợi hơn bao giờ hết.', N'https://microsoft-excel.softonic.vn/', 21, 14, N'BGAPP15.jpg', N'APP15.1.jpg', N'APP15.2.jpg', N'APP15.3.jpg', N'APP15.4.jpg', N'4.7', CAST(N'2022-10-08' AS Date), N'90', 1, 1)
INSERT [dbo].[APP] ([MaApp], [TenApp], [GioiThieu], [LinkTai], [MaTheLoaiApp], [MaNPH], [HinhNen], [HinhCT1], [HinhCT2], [HinhCT3], [HinhCT4], [DanhGia], [NgayCapNhat], [DungLuong], [MaHDH], [MaNgonNgu]) VALUES (10, N'MICROSOFT POWERPOINT', N' Microsoft Powerpoint là phần mềm tạo trang trình chiếu độc đáo, cùng với tính năng tương tác đa năng như viết tay, cảm biến và giọng nói. Ứng dụng đượcMicrosoft phát hành rộng rãi trên mọi nền tảng thiết bị.', N'https://microsoft-powerpoint-2010.softonic.vn/', 22, 14, N'BGAPP16.jpg', N'APP16.1.jpg', N'APP16.2.jpg', N'APP16.3.jpg', N'APP16.4.jpg', N'4.3', CAST(N'2022-10-11' AS Date), N'93', 1, 1)
INSERT [dbo].[APP] ([MaApp], [TenApp], [GioiThieu], [LinkTai], [MaTheLoaiApp], [MaNPH], [HinhNen], [HinhCT1], [HinhCT2], [HinhCT3], [HinhCT4], [DanhGia], [NgayCapNhat], [DungLuong], [MaHDH], [MaNgonNgu]) VALUES (11, N'DISCORD', N'Discord là một ứng dụng liên lạc dành cho các game thủ, mang các game thủ lại gần nhau hơn và cùng trải qua các trận game đỉnh cao. Ngoài ra cộng đồng game được kết nối với nhau rất đông đảo lên đến hàng triệu thành viên trên ứng dụng này.', N'https://discord.com/download', 14, 15, N'BGAPP17.jpg', N'APP17.1.jpg', N'APP17.2.jpg', N'APP17.3.jpg', N'APP17.4.jpg', N'4.7', CAST(N'2022-10-12' AS Date), N'80', 1, 1)
INSERT [dbo].[APP] ([MaApp], [TenApp], [GioiThieu], [LinkTai], [MaTheLoaiApp], [MaNPH], [HinhNen], [HinhCT1], [HinhCT2], [HinhCT3], [HinhCT4], [DanhGia], [NgayCapNhat], [DungLuong], [MaHDH], [MaNgonNgu]) VALUES (12, N'MICROSOFT PAINT ', N'Được xem là một phần mềm có những tính năng mang tính cách tân và đổi mới, Paint là phần mềm chỉnh sửa ảnh hoàn toàn miễn phí cho Windows. Cùng tìm hiểu bộ công cụ gọn nhẹ nhưng cực kỳ hiệu quả của Paint ngay sau đây nhé!', N'https://vi.downloadastro.com/apps/microsoft_paint/', 24, 14, N'BGAPP20.jpg', N'APP20.1.jpg', N'APP20.2.jpg', N'APP20.3.jpg', N'APP20.4.jpg', N'4.5', CAST(N'2022-10-08' AS Date), N'49.8', 1, 1)
INSERT [dbo].[APP] ([MaApp], [TenApp], [GioiThieu], [LinkTai], [MaTheLoaiApp], [MaNPH], [HinhNen], [HinhCT1], [HinhCT2], [HinhCT3], [HinhCT4], [DanhGia], [NgayCapNhat], [DungLuong], [MaHDH], [MaNgonNgu]) VALUES (13, N'ZALO', N'Zalo là ứng dụng liên lạc đảm bảo kết nối nhanh, ổn định, tiện lợi và riêng tư cho người dùng mọi lúc, mọi nơi, nhanh và ổn định', N'https://zalo.me/pc', 14, 18, N'BGAPP21.jpg', N'APP21.1.jpg', N'APP21.2.jpg', N'APP21.3.jpg', N'APP21.4.jpg', N'4.5', CAST(N'2022-10-10' AS Date), N'250', 1, 1)
INSERT [dbo].[APP] ([MaApp], [TenApp], [GioiThieu], [LinkTai], [MaTheLoaiApp], [MaNPH], [HinhNen], [HinhCT1], [HinhCT2], [HinhCT3], [HinhCT4], [DanhGia], [NgayCapNhat], [DungLuong], [MaHDH], [MaNgonNgu]) VALUES (14, N'ADOBE PHOTOSHOP', N'Adobe Photoshop là phần mềm thiết kế đồ họa, chỉnh sửa ảnh mạnh mẽ được nhiều người dùng ưa chuộng trên toàn thế giới. Adobe Photoshop có đầy đủ công cụ chỉnh sửa ảnh chuyên nghiệp, xoay cắt ghép ảnh dễ dàng, hỗ trợ bạn thỏa sức sáng tạo.', N'https://download.com.vn/download/adobe-photoshop-cs5-extended-22394', 25, 4, N'BGAPP22.jpg', N'APP22.1.jpg', N'APP22.2.jpg', N'APP22.3.jpg', N'APP22.4.jpg', N'4.4', CAST(N'2022-10-13' AS Date), N'1536', 1, 1)
INSERT [dbo].[APP] ([MaApp], [TenApp], [GioiThieu], [LinkTai], [MaTheLoaiApp], [MaNPH], [HinhNen], [HinhCT1], [HinhCT2], [HinhCT3], [HinhCT4], [DanhGia], [NgayCapNhat], [DungLuong], [MaHDH], [MaNgonNgu]) VALUES (15, N'ADOBE LIGHTROOM', N'Adobe Lightroom là phần mềm chỉnh sửa, xử lý ảnh RAW chuyên nghiệp được người dùng ưa chuộng sử dụng với công cụ chỉnh sửa ảnh mạnh mẽ, bạn dễ dàng loại bỏ mắt đó, chỉnh quang sai màu, chỉnh ảnh tự động nhanh chóng.', N'https://creativecloud.adobe.com/apps/download/lightroom', 26, 4, N'BGAPP23.jpg', N'APP23.1.jpg', N'APP23.2.jpg', N'APP23.3.jpg', N'APP23.4.jpg', N'4.6', CAST(N'2022-10-09' AS Date), N'2304', 1, 1)
INSERT [dbo].[APP] ([MaApp], [TenApp], [GioiThieu], [LinkTai], [MaTheLoaiApp], [MaNPH], [HinhNen], [HinhCT1], [HinhCT2], [HinhCT3], [HinhCT4], [DanhGia], [NgayCapNhat], [DungLuong], [MaHDH], [MaNgonNgu]) VALUES (16, N'ADOBE ILLUSTRATOR', N'Adobe Illustrator là trình chỉnh sửa đồ họa vector được phát triển bởi Adobe, phần mềm cho phép bạn thiết kế đồ họa 3D chuyên nghiệp, hình ảnh minh họa, đồ họa kĩ thuật số, nội dung trang web, video và nội dung,...', N'https://taimienphi.vn/download-adobe-illustrator-17074#showlink', 25, 4, N'BGAPP24.jpg', N'APP24.1.jpg', N'APP24.2.jpg', N'APP24.3.jpg', N'APP24.4.jpg', N'4.4', CAST(N'2022-10-07' AS Date), N'1024', 1, 1)
INSERT [dbo].[APP] ([MaApp], [TenApp], [GioiThieu], [LinkTai], [MaTheLoaiApp], [MaNPH], [HinhNen], [HinhCT1], [HinhCT2], [HinhCT3], [HinhCT4], [DanhGia], [NgayCapNhat], [DungLuong], [MaHDH], [MaNgonNgu]) VALUES (17, N'ADOBE PREMIERE PRO', N'Adobe Premiere là phần mềm chỉnh sửa video phổ thông được mọi người tin dùng trên khắp thế giới. Phần mềm cung cấp cho người sử dụng tất cả công cụ và tính năng liên quan đến chỉnh sửa video.', N'https://www.adobe.com/products/premiere.html', 17, 4, N'BGAPP25.jpg', N'APP25.1.jpg', N'APP25.2.jpg', N'APP25.3.jpg', N'APP25.4.jpg', N'4.6', CAST(N'2022-10-07' AS Date), N'9216', 1, 1)
INSERT [dbo].[APP] ([MaApp], [TenApp], [GioiThieu], [LinkTai], [MaTheLoaiApp], [MaNPH], [HinhNen], [HinhCT1], [HinhCT2], [HinhCT3], [HinhCT4], [DanhGia], [NgayCapNhat], [DungLuong], [MaHDH], [MaNgonNgu]) VALUES (18, N'LAZADA', N'Lazada là một trong những website mua sắm trực tuyến lớn nhất tại Việt Nam hiện nay (ngoài ra còn có Shopee, META.vn, ZARA, Adayroi...). Đây cũng là một sàn giao dịch thương mại điện tử lớn và uy tín đã góp phần thúc đẩy các dịch vụ mua sắm online tại thị trường nội địa phát triển mạnh mẽ hơn trong những năm vừa qua.', N'https://taimienphi.vn/download-lazada-19510/cho-pc-phien-ban', 18, 33, N'BGAPP42.jpg', N'APP42.1.jpg', N'APP42.2.jpg', N'APP42.3.jpg', N'APP43.4.jpg', N'4.6', CAST(N'2022-10-09' AS Date), N'80', 1, 1)
INSERT [dbo].[APP] ([MaApp], [TenApp], [GioiThieu], [LinkTai], [MaTheLoaiApp], [MaNPH], [HinhNen], [HinhCT1], [HinhCT2], [HinhCT3], [HinhCT4], [DanhGia], [NgayCapNhat], [DungLuong], [MaHDH], [MaNgonNgu]) VALUES (19, N'VIEON', N'Siêu Ứng dụng Giải trí VieON là ứng dụng xem phim truyền hình (phim bộ), phim chiếu rạp (phim lẻ), tivi trực tuyến, show truyền hình thực tế và video giải trí. Phim mới mỗi ngày, show đỉnh độc quyền. Thể thao Ngoại Hạng Anh, La Liga, SerieA, Bundesliga, Ligue 1, V-League, Golf, Tennis.', N'https://taimienphi.vn/download-vieon-75862/taive', 37, 34, N'BGAPP43.jpg', N'APP43.1.jpg', N'APP43.2.jpg', N'APP43.3.jpg', N'APP43.4.jpg', N'4.2', CAST(N'2022-10-11' AS Date), N'230', 1, 1)
INSERT [dbo].[APP] ([MaApp], [TenApp], [GioiThieu], [LinkTai], [MaTheLoaiApp], [MaNPH], [HinhNen], [HinhCT1], [HinhCT2], [HinhCT3], [HinhCT4], [DanhGia], [NgayCapNhat], [DungLuong], [MaHDH], [MaNgonNgu]) VALUES (20, N'NETFLIX', N' Netflix là ứng dụng xem phim được ưa chuộng nhất hiện nay với kho phim chất lượng cao mang lại những giây phút giải trí tuyệt vời cho người dùng', N'https://en.softonic.com/downloads/netflix-for-windows', 37, 35, N'BGAPP44.jpg', N'APP44.1.jpg', N'APP44.2.jpg', N'APP44.3.jpg', N'APP44.4.jpg', N'4.6', CAST(N'2022-10-08' AS Date), N'180', 1, 1)
INSERT [dbo].[APP] ([MaApp], [TenApp], [GioiThieu], [LinkTai], [MaTheLoaiApp], [MaNPH], [HinhNen], [HinhCT1], [HinhCT2], [HinhCT3], [HinhCT4], [DanhGia], [NgayCapNhat], [DungLuong], [MaHDH], [MaNgonNgu]) VALUES (21, N'SPOTIFY', N'Spotify là ứng dụng nghe nhạc được sản xuất bởi Spotify AB tại Thụy Điển. Nó cho phép người sử dụng có quyền truy cập để nghe những ca khúc, bài hát, video,... của các nghệ sĩ trên thế giới. Ứng dụng này có đặc điểm tương tự những app khác như: Apple Music, Zing MP3,..., người dùng có thể nghe nhạc trực tiếp trên đó mà không bị yêu cầu phí bản quyền. Để làm được điều này, Spotify đã chia ra làm hai phiên bản là có phí và miễn phí. Dịch vụ miễn phí có thể nói là một trong những ưu điểm của Spotify so với App nghe nhạc khác.', N'https://spotify.en.softonic.com/', 38, 36, N'BGAPP45.jpg', N'APP45.1.jpg', N'APP45.2.jpg', N'APP45.3.jpg', N'APP45.4.jpg', N'3.8', CAST(N'2022-10-13' AS Date), N'27', 1, 1)
INSERT [dbo].[APP] ([MaApp], [TenApp], [GioiThieu], [LinkTai], [MaTheLoaiApp], [MaNPH], [HinhNen], [HinhCT1], [HinhCT2], [HinhCT3], [HinhCT4], [DanhGia], [NgayCapNhat], [DungLuong], [MaHDH], [MaNgonNgu]) VALUES (22, N'ZING MP3', N'Cùng thưởng thức âm nhạc đỉnh cao với ứng dụng nghe nhạc số 1 Việt Nam  Zing MP3 là ứng dụng nghe nhạc miễn phí hàng đầu Việt Nam. Với kho nhạc chất lượng cao đồ sộ từ Zing mp3 bạn sẽ có trải nghiệm âm nhạc tuyệt vời nhất trên thiết bị di động của mình. ', N'https://vn.ldplayer.net/apps/com-zing-mp3-on-pc.html', 38, 11, N'BGAPP46.jpg', N'APP46.1.jpg', N'APP46.2.jpg', N'APP46.3.jpg', N'APP46.4.jpg', N'4.3', CAST(N'2022-10-13' AS Date), N'50', 1, 1)
INSERT [dbo].[APP] ([MaApp], [TenApp], [GioiThieu], [LinkTai], [MaTheLoaiApp], [MaNPH], [HinhNen], [HinhCT1], [HinhCT2], [HinhCT3], [HinhCT4], [DanhGia], [NgayCapNhat], [DungLuong], [MaHDH], [MaNgonNgu]) VALUES (23, N'GIAOHANGTIETKIEM', N'Ứng dụng giao nhận dành cho các Shop bán hàng online của Giaohangtietkiem.vn  Đây là ứng dụng giao nhận mới dành cho các Shop bán hàng online chuyển phát hàng hóa, phục vụ lấy – giao tại 63 tỉnh thành toàn quốc. Ứng dụng cho phép các Shop bán hàng online tại 63 tỉnh thành trên toàn quốc đăng ký tài khoản, đăng nhập, kiểm tra trạng thái đơn hàng.  Với app, Shop bán hàng online gửi yêu cầu thẳng cho vận hành Giaohangtietkiem để được hỗ trợ nhanh chóng. Mọi phát sinh trong quá trình giao hàng sẽ được thông báo tức thời cho Shop qua ứng dụng, tạo kết nối chặt chẽ và dễ dàng giữa Shop và vận hành.', N'https://appsonwindows.com/apk/1175563/', 39, 37, N'BGAPP47.jpg', N'APP47.1.jpg', N'APP47.2.jpg', N'APP47.3.jpg', N'APP47.4.jpg', N'4.6', CAST(N'2022-10-14' AS Date), N'91', 1, 1)
INSERT [dbo].[APP] ([MaApp], [TenApp], [GioiThieu], [LinkTai], [MaTheLoaiApp], [MaNPH], [HinhNen], [HinhCT1], [HinhCT2], [HinhCT3], [HinhCT4], [DanhGia], [NgayCapNhat], [DungLuong], [MaHDH], [MaNgonNgu]) VALUES (24, N'BILIBILI', N'Cộng đồng xem anime, giải trí và thế giới 2D với bình luận trực tiếp', N'https://www.ldplayer.net/apps/bilibili-on-pc.html', 37, 38, N'BGAPP48.jpg', N'APP48.1.jpg', N'APP48.2.jpg', N'APP48.3.jpg', N'APP48.4.jpg', N'3.4', CAST(N'2022-10-10' AS Date), N'55', 1, 1)
INSERT [dbo].[APP] ([MaApp], [TenApp], [GioiThieu], [LinkTai], [MaTheLoaiApp], [MaNPH], [HinhNen], [HinhCT1], [HinhCT2], [HinhCT3], [HinhCT4], [DanhGia], [NgayCapNhat], [DungLuong], [MaHDH], [MaNgonNgu]) VALUES (25, N'MICROSOFT OUTLOOK', N'Microsoft Outlook là ứng dụng lưu trữ email miễn phí được phát triển và cung cấp bởi Microsoft, cho phép bạn gửi/ nhận email nhanh chóng mà không giới hạn không gian lưu trữ. Ứng dụng còn hỗ trợ việc gửi mail đính kèm tập tin có dung lượng lớn, sắp xếp email theo dung lượng, thời gian nhận, thời gian gửi và nhiều hơn thế nữa.', N'https://microsoft-outlook.softonic.vn/', 40, 14, N'BGAPP49.jpg', N'APP49.1.jpg', N'APP49.2.jpg', N'APP49.3.jpg', N'APP49.4.jpg', N'4.2', CAST(N'2022-10-11' AS Date), N'120', 1, 1)
INSERT [dbo].[APP] ([MaApp], [TenApp], [GioiThieu], [LinkTai], [MaTheLoaiApp], [MaNPH], [HinhNen], [HinhCT1], [HinhCT2], [HinhCT3], [HinhCT4], [DanhGia], [NgayCapNhat], [DungLuong], [MaHDH], [MaNgonNgu]) VALUES (26, N'TRAVELOKA', N'Đặt vé máy bay, khách sạn, vé vui chơi, giải trí, tour du lịch nội địa & quốc tế. Du lịch dễ dàng với Traveloka – người bạn đồng hành đáp ứng mọi nhu cầu du lịch, cùng bạn làm giàu trải nghiệm trong cuộc sống. Là một trong những Siêu ứng dụng du lịch và tiện ích sống hàng đầu tại Đông Nam Á, Traveloka mang đến cho bạn hơn 20 sản phẩm, dịch vụ du lịch cùng vô vàn tính năng tiện lợi', N'https://www.ldplayer.net/apps/traveloka-book-flight-hotel-on-pc.html', 41, 1, N'BGAPP50.jpg', N'APP50.1.jpg', N'APP50.2.jpg', N'APP50.3.jpg', N'APP50.4.jpg', N'4.8', CAST(N'2022-10-11' AS Date), N'42', 1, 1)
SET IDENTITY_INSERT [dbo].[APP] OFF
GO
SET IDENTITY_INSERT [dbo].[HEDIEUHANH] ON 

INSERT [dbo].[HEDIEUHANH] ([MaHDH], [TenHDH]) VALUES (6, N'Windows')
INSERT [dbo].[HEDIEUHANH] ([MaHDH], [TenHDH]) VALUES (7, N'IOS')
INSERT [dbo].[HEDIEUHANH] ([MaHDH], [TenHDH]) VALUES (8, N'Android')
INSERT [dbo].[HEDIEUHANH] ([MaHDH], [TenHDH]) VALUES (10, N'MacOS')
INSERT [dbo].[HEDIEUHANH] ([MaHDH], [TenHDH]) VALUES (13, N'Microsoft')
SET IDENTITY_INSERT [dbo].[HEDIEUHANH] OFF






SET IDENTITY_INSERT [dbo].[NGONNGU] ON 

INSERT [dbo].[NGONNGU] ([MaNgonNgu], [TenNgonNgu]) VALUES (1, N'Tiếng Việt')
INSERT [dbo].[NGONNGU] ([MaNgonNgu], [TenNgonNgu]) VALUES (2, N'Tiếng Anh')
INSERT [dbo].[NGONNGU] ([MaNgonNgu], [TenNgonNgu]) VALUES (4, N'Tiếng Anh')
INSERT [dbo].[NGONNGU] ([MaNgonNgu], [TenNgonNgu]) VALUES (5, N'Tiếng Việt')
INSERT [dbo].[NGONNGU] ([MaNgonNgu], [TenNgonNgu]) VALUES (6, N'Tiếng Miến Điện')
INSERT [dbo].[NGONNGU] ([MaNgonNgu], [TenNgonNgu]) VALUES (7, N'Tiếng Hàn Quốc')
INSERT [dbo].[NGONNGU] ([MaNgonNgu], [TenNgonNgu]) VALUES (8, N'Tiếng Nhật')
INSERT [dbo].[NGONNGU] ([MaNgonNgu], [TenNgonNgu]) VALUES (9, N'Tiếng Nga')
INSERT [dbo].[NGONNGU] ([MaNgonNgu], [TenNgonNgu]) VALUES (10, N'Tiếng Tây Ban Nha')
INSERT [dbo].[NGONNGU] ([MaNgonNgu], [TenNgonNgu]) VALUES (11, N'Tiếng Bồ Đào Nha')
INSERT [dbo].[NGONNGU] ([MaNgonNgu], [TenNgonNgu]) VALUES (12, N'Tiếng Thỗ Nhĩ Kì')
INSERT [dbo].[NGONNGU] ([MaNgonNgu], [TenNgonNgu]) VALUES (13, N'Tiếng Ả Rập')
INSERT [dbo].[NGONNGU] ([MaNgonNgu], [TenNgonNgu]) VALUES (14, N'Tiếng Đức')
INSERT [dbo].[NGONNGU] ([MaNgonNgu], [TenNgonNgu]) VALUES (15, N'Tiếng Ý')
INSERT [dbo].[NGONNGU] ([MaNgonNgu], [TenNgonNgu]) VALUES (16, N'Tiếng Pháp')
INSERT [dbo].[NGONNGU] ([MaNgonNgu], [TenNgonNgu]) VALUES (17, N'Tiếng Hà Lan')
INSERT [dbo].[NGONNGU] ([MaNgonNgu], [TenNgonNgu]) VALUES (18, N'Tiếng Khmer')
INSERT [dbo].[NGONNGU] ([MaNgonNgu], [TenNgonNgu]) VALUES (19, N'Tiếng Trung')
INSERT [dbo].[NGONNGU] ([MaNgonNgu], [TenNgonNgu]) VALUES (20, N'Tiếng Thái')
INSERT [dbo].[NGONNGU] ([MaNgonNgu], [TenNgonNgu]) VALUES (21, N'Tiếng Ukraina')
SET IDENTITY_INSERT [dbo].[NGONNGU] OFF
GO

 select * from NHAPHATHANH
 update NGONNGU
 set TenNgonNgu = N'Tiếng Thái'
 where MaNgonNgu=5

 delete from NGONNGU
where MaNgonNgu = 20
